user_id,name,email,signup_date
1,Rebecca Garcia,payneian@example.net,2024-07-27
2,Brandon Jensen,sherry59@example.org,2024-05-05
3,James Williams,cruiz@example.org,2025-05-24
4,Joseph Jones,theresa58@example.com,2024-01-20
5,Joshua Hill,drewjenkins@example.com,2024-12-16
6,Kenneth Graham,kaitlynturner@example.com,2023-12-19
7,Cory Sanchez,micheleallen@example.com,2024-09-07
8,Barbara Garcia,susanjones@example.org,2024-06-24
9,Brooke Stewart,cherrycasey@example.org,2024-08-13
10,Michelle Holmes,markcurtis@example.com,2024-09-26
11,Kelly Banks,vhodge@example.com,2023-12-13
12,Robert Hamilton,lskinner@example.org,2024-12-30
13,Hannah Johnson,robinsontimothy@example.com,2024-01-16
14,Kim Vargas,ricardo67@example.com,2024-10-06
15,Isaac Marks,bairddaniel@example.net,2024-08-21
16,Sophia Barnes,brad68@example.com,2025-03-30
17,Jennifer Odonnell,warnerandre@example.com,2024-11-12
18,Martha Jackson,michaelblair@example.org,2024-07-11
19,David Mcfarland,chandleramy@example.net,2024-11-13
20,Richard Patterson,dbrown@example.org,2025-07-03
21,Brian Summers,ramirezjonathan@example.org,2024-03-25
22,John Alexander,qwhitaker@example.com,2025-02-25
23,Tom Arellano,alexander95@example.net,2024-09-26
24,Daniel Pierce,mwoods@example.org,2025-02-22
25,Oscar Thompson,kingronald@example.net,2024-04-25
26,James Hill,mcoleman@example.com,2024-12-09
27,Ashley Oliver,megan12@example.com,2025-06-16
28,Aaron Smith,gsantos@example.org,2025-08-09
29,Megan Winters,carolmay@example.net,2025-07-14
30,Amy Rasmussen,riveralisa@example.com,2024-10-25
31,Emily Murphy,gloriachase@example.org,2025-02-01
32,Brian Stevens,john51@example.org,2024-01-25
33,James Crosby,lgraves@example.com,2024-04-30
34,Corey Hughes,william45@example.org,2024-05-03
35,Doris Finley,dianamitchell@example.net,2024-11-02
36,John Carter,kheath@example.org,2025-02-15
37,Andrew Wolf,zachary95@example.org,2025-09-16
38,Kyle Young,smithdiane@example.org,2024-08-29
39,Marie Fernandez,reginald74@example.net,2024-08-18
40,Randall Barr,phall@example.net,2024-05-19
41,Robert Collins,deckerchristopher@example.org,2025-03-28
42,David Castro,johnathan39@example.com,2024-09-27
43,Corey Hutchinson,raymondmedina@example.org,2025-05-24
44,Jennifer Pearson,juliefranklin@example.org,2024-06-02
45,Mindy Williams,thompsoncheryl@example.com,2023-12-22
46,Pam Aguilar,eclark@example.net,2024-09-22
47,Stacy Morales,chase79@example.org,2025-05-07
48,Kevin Richardson,athomas@example.com,2024-07-14
49,Tracy Wang,bernardclinton@example.net,2025-08-02
50,Scott Chapman MD,whitneyboyd@example.com,2024-06-19
51,Dalton Pittman,webbcarla@example.com,2023-12-30
52,Joanna Smith,martinezjoel@example.net,2024-02-10
53,Christopher Butler,kimberlyrussell@example.com,2023-10-09
54,Kimberly Gonzalez,bwatson@example.org,2024-10-12
55,April Martin,myerskyle@example.net,2024-10-13
56,Michael Perry,laurie72@example.com,2023-10-20
57,Elizabeth Franklin,ilane@example.com,2024-10-16
58,David Love,lauraadams@example.org,2024-01-03
59,Lisa Harris MD,ncampos@example.com,2025-01-09
60,Philip West,katrina96@example.net,2025-01-23
61,Brian Stevens,christophertaylor@example.org,2024-11-04
62,Terry Perkins,robin39@example.org,2024-07-27
63,Daniel Brady,pattersonjeffery@example.org,2025-09-11
64,Jonathan Peterson,henrydakota@example.com,2024-05-01
65,Rebecca Novak,mitchell57@example.com,2023-11-14
66,Randy Young,lisarich@example.com,2025-05-08
67,Melissa Smith,tammyclark@example.org,2023-12-07
68,Ashley Olson,rachelfrazier@example.org,2025-04-19
69,Fernando French,hharding@example.com,2023-12-20
70,Vincent Smith,mark32@example.net,2025-02-25
71,Austin Ashley,tyleryoung@example.org,2024-08-19
72,Antonio Reilly,nicholashughes@example.net,2025-08-23
73,Breanna Dunn,kathrynwilliams@example.org,2025-06-05
74,Michael Norris,mccoyjenna@example.org,2024-09-05
75,John Henry,sanchezamanda@example.net,2024-11-24
76,Mary Lee,kylemcdonald@example.org,2024-01-22
77,George Wells,ypage@example.net,2024-08-02
78,Sydney Young DDS,gcarpenter@example.com,2025-07-21
79,Jeffrey Reese,wcook@example.com,2024-02-20
80,Stacey Schaefer,jensenjennifer@example.net,2025-07-09
81,Kathy Smith DDS,chandlertracie@example.org,2025-03-04
82,Linda Anderson,abigailsavage@example.org,2024-06-06
83,Joan Boyle,mkelly@example.org,2024-02-01
84,Martha Holland,asimmons@example.com,2024-09-04
85,Michael Davis,lisa00@example.org,2024-03-22
86,Kimberly Stewart,jonesbrian@example.net,2024-11-24
87,Erica Boyd,aaron33@example.org,2025-03-12
88,Scott Perkins,raymondperkins@example.net,2024-10-26
89,Kevin Hughes,adkinsangela@example.com,2025-05-06
90,Wesley Delgado MD,clarkpaula@example.org,2024-04-03
91,Mrs. Alison Bishop MD,wrichardson@example.org,2024-06-08
92,Alexander Harper,ireyes@example.com,2024-06-27
93,Emily Greene,aayala@example.com,2024-03-11
94,Mark Walker,candicejohnson@example.com,2025-01-03
95,Melissa Wilson,sextonhunter@example.com,2025-01-03
96,Alexis Jones,vjones@example.org,2023-12-20
97,Douglas Davis,rdavis@example.com,2023-11-04
98,Linda Maxwell,michaelnathan@example.com,2024-04-08
99,David Bennett,dmccarthy@example.com,2025-06-23
100,Derek Summers,hannahgray@example.com,2025-07-27
101,Robert Hill,heather89@example.org,2024-09-01
102,John Reynolds,mariawiggins@example.org,2024-10-12
103,Gabrielle Bowman,joseph90@example.net,2024-07-19
104,Aaron Morton,bretthurley@example.org,2024-12-11
105,Kristy Bean,alexchavez@example.net,2025-04-17
106,Matthew Green,angela07@example.net,2023-11-19
107,Michael Goodman,qruiz@example.com,2024-05-27
108,Robert Zimmerman,brent47@example.net,2024-08-17
109,Daniel Hall,lreyes@example.com,2025-03-17
110,Kristie Golden,michelethomas@example.com,2024-06-04
111,Jared Woodard,robertestrada@example.org,2024-02-16
112,Paul Browning,emartin@example.net,2024-11-25
113,Carrie Reed,qatkinson@example.org,2025-01-20
114,Danielle Moreno,baldwinpeter@example.com,2025-02-01
115,Selena Rodriguez,brianking@example.net,2025-03-27
116,Michael Davis,stephanie63@example.net,2025-07-30
117,Adam Olson,nlang@example.net,2025-02-18
118,Shawn Chapman,byoung@example.net,2024-01-12
119,Steven Stout,joseph31@example.org,2023-11-13
120,Carolyn Sutton,johnsonmichael@example.com,2025-08-03
121,Austin Carter,terrispears@example.net,2024-12-06
122,Mr. James Hill,tracybutler@example.com,2025-09-22
123,Tammie Wright,bethwhite@example.com,2024-01-31
124,Heidi Hernandez,lee30@example.org,2025-03-14
125,Linda Cordova,garciajaclyn@example.com,2024-12-04
126,Robert Ellis,fergusonjoseph@example.org,2024-10-01
127,Joel Phillips,qle@example.org,2025-01-30
128,Kari Lewis,oharrison@example.net,2025-09-05
129,Jose Mccarty,ndennis@example.org,2024-01-17
130,Javier Greene,meyerdouglas@example.com,2023-12-31
131,Theresa Davis,pinedakeith@example.org,2023-12-21
132,Reginald Gonzales,thomasdaniel@example.com,2025-06-06
133,Luis Estes,christophercox@example.net,2024-01-19
134,Daniel Taylor,wbraun@example.net,2024-02-27
135,Ms. Rachel Wilson,jodicross@example.com,2023-11-14
136,Mark Hall,johnmartin@example.com,2025-07-27
137,Kendra Butler,antonio86@example.com,2024-02-13
138,Wendy Williamson,jacksonpeter@example.net,2025-01-03
139,Latoya York,burtonkristopher@example.org,2024-10-12
140,Robin Miller,bellanita@example.net,2024-11-15
141,Anita Atkinson,taylornicholson@example.com,2023-10-19
142,James Mcdowell,campbelltaylor@example.net,2024-02-14
143,Debbie Barr,sharpjoseph@example.com,2024-06-06
144,Linda Edwards,fmatthews@example.com,2024-03-29
145,Kevin Smith,kyle15@example.org,2025-07-10
146,Nicholas Turner,ashley46@example.com,2025-04-07
147,Michael Palmer,jessica41@example.org,2025-05-12
148,Jonathan Brown,lstevenson@example.net,2024-12-09
149,Dwayne Morse,leah91@example.org,2024-06-25
150,Kristen Chapman,jturner@example.org,2024-10-30
151,Jeffrey Ali,pamelafuller@example.org,2024-03-22
152,Sarah Mccoy,john22@example.org,2024-06-08
153,Tammie Anderson,adavidson@example.org,2024-08-21
154,Gina Tyler,kpatel@example.net,2024-06-27
155,Rhonda Jackson,szavala@example.org,2024-08-26
156,Kelli Nichols,bjackson@example.com,2025-04-30
157,Jessica Castaneda,sjimenez@example.org,2024-07-23
158,Brandy Garcia,larry21@example.org,2023-10-24
159,Adam Moran,connorfrost@example.com,2025-09-05
160,Paula Gilbert,jessicastanton@example.com,2024-04-23
161,Brian Brown,karl89@example.org,2024-02-25
162,Cheryl Russell,jessica12@example.com,2024-08-30
163,Adriana Stuart,mcdonaldalexandra@example.com,2024-01-21
164,Christian Gray,gguzman@example.net,2025-01-14
165,Vincent Lamb,nwilliams@example.net,2024-04-03
166,Rebecca Scott,wlong@example.org,2024-08-23
167,Megan Hayes,john26@example.org,2024-04-16
168,Sarah James,nkim@example.org,2025-03-25
169,Jean Stanley,mbush@example.net,2025-01-09
170,Emily Simpson,eperkins@example.com,2024-04-29
171,Stephen Anderson,denniswillie@example.org,2025-01-08
172,Aaron Meyers,rallen@example.org,2023-11-30
173,Sean Rodriguez,mcole@example.net,2025-02-03
174,Tammy Wright,wesley03@example.net,2024-07-19
175,Timothy Swanson,connie76@example.org,2024-06-28
176,Anthony Hunt,toddzachary@example.net,2024-02-07
177,Karen Carpenter,hendersonscott@example.org,2024-07-24
178,Ryan Weber,qbush@example.com,2023-11-08
179,Michael Martinez,justin50@example.net,2024-03-30
180,Carrie Vega,qlynch@example.com,2023-11-29
181,Paula Smith,aprilsosa@example.org,2024-02-17
182,Rebecca Palmer,martinezphilip@example.net,2024-07-25
183,Lisa Robinson,gregoryluke@example.org,2024-11-25
184,Hayley Lara,garymartin@example.com,2025-09-11
185,Cassandra Davis,kimberly72@example.net,2024-07-26
186,Angela Carter,james01@example.org,2024-05-22
187,Michael Fuller,leroypaul@example.net,2024-08-01
188,Frank Marquez,penny34@example.com,2025-02-25
189,David Hill,paulsullivan@example.net,2025-02-05
190,Gregory Olson,millerwilliam@example.net,2024-06-02
191,Marcus Lucas,maddoxnicholas@example.org,2023-10-15
192,Kristen Harrington,simpsonbrian@example.com,2025-06-29
193,Sheryl Sanchez,wpatel@example.org,2024-03-27
194,James Walters,haley10@example.net,2024-06-27
195,Mr. Bryan Contreras,vchristensen@example.net,2024-12-19
196,Brianna Pittman,bhaley@example.net,2023-10-16
197,Eric Wyatt,paulkevin@example.net,2024-03-17
198,Justin Williams,williamscassandra@example.com,2023-12-28
199,Terri George,kevin02@example.net,2023-10-18
200,Jennifer Reyes,berrylindsey@example.net,2024-01-16
201,Thomas Turner,ashleythompson@example.org,2024-12-10
202,Jon Miller,crystalcastro@example.org,2024-04-02
203,Rodney Scott,jamesrobinson@example.net,2024-03-18
204,Emily Jones,cheryl80@example.com,2025-04-01
205,Brittany Young,samantharodgers@example.org,2024-04-10
206,Gregory Thompson,sanchezlori@example.com,2025-05-07
207,Phillip Daugherty,marquezgeorge@example.com,2025-06-21
208,Jonathan Houston,kyle58@example.net,2023-12-18
209,Mary Lopez,danielking@example.com,2024-04-11
210,Aaron Little,ssnyder@example.net,2024-07-16
211,Cindy Russell,william74@example.org,2024-11-01
212,Heather Mullins,phillipsjohnathan@example.com,2025-08-24
213,Melissa Santiago,danielfrank@example.com,2024-04-13
214,Jessica Moore MD,caleb73@example.org,2024-09-06
215,Shirley Thompson,crystalrichmond@example.com,2025-02-27
216,Kristin Dougherty,leenguyen@example.net,2025-05-14
217,Melanie Smith,jlewis@example.com,2024-01-09
218,Kristine Sanchez,jonestodd@example.org,2025-09-15
219,Kimberly Ramirez,erose@example.net,2025-02-04
220,Melanie Levine,gina48@example.com,2024-08-02
221,Vincent Byrd,kimwashington@example.org,2024-01-16
222,Jeff Wiggins,charles28@example.org,2024-05-13
223,Lisa Lewis,tracyjohnson@example.com,2025-04-21
224,Sarah Gilbert,dukematthew@example.com,2024-05-30
225,Mario Alvarez,cgibson@example.org,2024-09-16
226,Shannon Wilson,jeremy35@example.com,2024-12-07
227,Thomas Mitchell,jacquelineperkins@example.org,2023-12-27
228,Richard Griffith,justinmccarty@example.com,2023-12-19
229,Thomas Luna,tom32@example.com,2025-01-13
230,George Nichols,mooreemily@example.org,2024-07-07
231,Roy Hull,peterlozano@example.com,2025-01-04
232,Laura Hughes,cummingswilliam@example.org,2024-08-20
233,Kimberly Bush,eric29@example.org,2024-04-09
234,Alexandra Nguyen,harrischristina@example.net,2024-09-02
235,Lauren Jones,erica25@example.com,2025-05-02
236,Randy Adams,deborah55@example.com,2024-05-02
237,Ashley Todd,cainmichael@example.org,2024-08-07
238,Heather Mitchell,knelson@example.net,2025-07-01
239,Grace Moss,ashepard@example.net,2025-02-09
240,Kyle Alvarez,willisjeremy@example.org,2024-08-09
241,Larry Robinson,pedro22@example.net,2025-08-07
242,Kelly Rosario,wilsonpeter@example.com,2024-11-26
243,Michelle Ayala,michael09@example.com,2024-04-28
244,Teresa Watkins MD,ballandrew@example.com,2024-01-18
245,Mckenzie Curry,wmorgan@example.org,2024-12-25
246,Mark Miller,murphycarly@example.com,2024-01-31
247,Kayla Cooley,michelle37@example.org,2025-01-23
248,Richard Turner,ashley38@example.net,2024-11-29
249,Elizabeth Gomez,brett35@example.com,2024-11-14
250,David Phillips,smithalbert@example.org,2025-09-27
251,Stephen Parsons,katherinehumphrey@example.net,2025-05-26
252,Terri Hamilton,kelseycox@example.com,2024-11-13
253,Amanda Gonzalez,chadandrade@example.com,2025-06-13
254,Austin Wyatt,jenkinsashley@example.com,2025-09-19
255,Michael Estes,brittany97@example.com,2025-02-14
256,Jane Anderson,tylercarrillo@example.com,2024-08-10
257,Laura Mcknight,alicia70@example.org,2024-11-29
258,Lisa Bailey,susan73@example.net,2023-12-12
259,Gloria Thomas,kimchristopher@example.com,2023-12-10
260,Danielle Chapman,jameswatkins@example.org,2025-01-15
261,Jaime Jefferson,nicholasmclaughlin@example.com,2023-10-14
262,Jeremiah Small,dennismarquez@example.com,2025-06-22
263,Andrew Pacheco,megan06@example.net,2024-10-08
264,John Smith,bethany69@example.net,2024-02-11
265,Darren Robinson,xwest@example.net,2024-02-23
266,Travis Harris,tracygross@example.com,2024-10-28
267,Jeremy Turner,stephanie78@example.org,2024-01-13
268,Chad Wright,shannonfrank@example.org,2025-08-29
269,Alex Henry,murrayroger@example.com,2024-09-19
270,Leslie Brown,joshua97@example.net,2024-02-03
271,Joseph Wiley,ramirezdaniel@example.net,2024-06-11
272,Jennifer Simpson,tracy95@example.com,2023-10-15
273,Chris Hamilton,qcochran@example.org,2025-03-03
274,David Wright,hawkinstheresa@example.net,2024-08-25
275,Bethany Gross,kwalker@example.com,2024-08-25
276,Meagan Good,lisabenson@example.com,2025-03-06
277,Brett Greene MD,nancy73@example.net,2025-03-02
278,Charles Newman,xmelendez@example.com,2025-04-01
279,Angela Gutierrez,gswanson@example.com,2024-05-22
280,John Schmitt,ronald66@example.org,2025-09-24
281,Timothy Carr,sfischer@example.org,2024-12-14
282,James Moore,wilkinsonjohn@example.com,2025-05-16
283,Pamela Mueller,carlossmith@example.net,2023-11-09
284,Jeanette Adams,ihenderson@example.net,2025-03-09
285,Shawn Bailey,qsilva@example.net,2024-10-08
286,Logan Blanchard,thomas51@example.com,2024-10-31
287,Justin Church,qgomez@example.org,2025-02-11
288,Tyler Dyer MD,walterpatterson@example.net,2024-07-31
289,Gregory Gomez,donnamurray@example.net,2025-01-19
290,James Sims,troytran@example.net,2025-07-23
291,Gina Joseph,wbailey@example.net,2023-11-21
292,Dr. Jason Moran DDS,bridgetmiller@example.net,2024-05-30
293,Brian Jackson,wendyortiz@example.net,2023-11-24
294,Autumn Drake,joshuajohnson@example.com,2024-09-25
295,Elizabeth Randolph,mary13@example.com,2025-05-13
296,Lynn Harris,thomas59@example.net,2024-01-25
297,Janet Lane,areid@example.com,2025-05-25
298,Andrea Lopez,jennifer15@example.net,2024-08-17
299,Rachel Rosales,martin20@example.net,2024-12-18
300,Austin Brown,barrsydney@example.org,2025-01-04
301,Michael Hanna,churchtiffany@example.org,2024-11-29
302,Mitchell Dunn,onichols@example.org,2024-09-17
303,Mr. Curtis Gutierrez,clarkrachael@example.com,2024-12-03
304,Andrew Bridges,ehatfield@example.com,2025-07-16
305,Don Jones,scott33@example.net,2025-05-13
306,Heather Gonzales,mcphersonjennifer@example.org,2025-01-21
307,Steven Rodriguez,matthewburgess@example.net,2025-03-03
308,Amanda Gray,jerome85@example.net,2024-05-11
309,Cynthia Joyce,michaelrojas@example.org,2024-04-21
310,Christopher Fleming,frazierjamie@example.net,2025-05-16
311,Ana White,roybrenda@example.org,2024-08-21
312,Mary Black,longronald@example.net,2024-02-20
313,Joseph Clark,psharp@example.net,2023-11-06
314,Michael Torres,gallen@example.net,2024-03-08
315,William Mitchell,bobtucker@example.com,2025-08-01
316,Amanda Harvey,qfox@example.org,2024-07-24
317,Joshua Rodriguez,beth83@example.org,2023-10-25
318,Lance Martinez,amber36@example.com,2024-07-23
319,Tanya Woods,lbolton@example.com,2024-04-12
320,Chase Rivera,thompsonsusan@example.org,2024-10-08
321,Briana Taylor,stonepatricia@example.net,2024-08-15
322,Amber Cole,lgarrett@example.com,2024-10-28
323,Lindsey Watson,james46@example.net,2024-11-06
324,Haley Rogers,narroyo@example.com,2025-07-09
325,Steven Ford,tperez@example.org,2024-06-20
326,Adam Mcpherson,acevedocarrie@example.com,2023-10-01
327,Deanna Taylor,gardnerryan@example.org,2024-08-05
328,Victor Walker,hamptonallen@example.net,2024-07-13
329,Ann Mathews,lwalls@example.net,2024-05-19
330,Michael Diaz,uanderson@example.com,2024-11-06
331,Madison Stanley,danielowen@example.net,2025-07-06
332,Paul Aguirre,rodriguezamanda@example.com,2024-05-05
333,John Fields,robertsnicholas@example.net,2023-10-17
334,Elizabeth Green,shelleystephenson@example.org,2024-01-19
335,Joshua Warner,parksusan@example.org,2024-08-06
336,Michelle Mccullough,stevenscynthia@example.com,2024-10-08
337,Thomas Ross,david03@example.net,2025-09-26
338,Rachael Hall,xswanson@example.net,2024-02-22
339,Megan Fowler,hernandezashley@example.net,2024-07-23
340,Jennifer Robbins,dustingonzales@example.net,2023-11-09
341,Emily Walker,sheryl59@example.org,2025-01-29
342,Donald Vasquez,janice27@example.org,2024-12-21
343,Latasha Rogers,deborahrussell@example.net,2024-11-19
344,Bruce Fitzgerald,lestermark@example.net,2025-03-02
345,Ashley Miles,poolejames@example.org,2025-06-24
346,Brenda Vasquez,petersenwilliam@example.com,2024-03-16
347,Karl Poole,robinwalters@example.net,2024-08-07
348,Jade Reynolds,fernandezamanda@example.org,2025-06-09
349,Logan Wagner,emilygarcia@example.net,2024-05-05
350,Joseph Thomas,joshua45@example.org,2024-11-12
351,Jonathan Simpson,hawkinslaura@example.com,2025-02-28
352,Brian Simmons,johnathan70@example.com,2024-07-28
353,Gary Williams,lauren80@example.org,2024-05-18
354,Susan Perry,sarathomas@example.com,2024-10-28
355,Derek Decker,zschroeder@example.com,2025-05-24
356,Tanya Gonzales,sheila67@example.net,2024-11-15
357,Anna Thomas,russelljohnny@example.org,2024-08-21
358,Mrs. Monica Kim,chad16@example.net,2023-11-23
359,Eric Martin,lauradavis@example.com,2024-07-15
360,Andrea Lewis,knorman@example.com,2024-03-11
361,Amy Baldwin,williamskathryn@example.org,2025-03-21
362,Rebecca Castillo,wallen@example.net,2024-03-05
363,Shawna Nguyen,jennifergoodwin@example.org,2024-04-13
364,Melissa Daniel,frank87@example.org,2024-05-06
365,Tara Galvan,john99@example.net,2024-09-07
366,Wendy Mejia,thomasgill@example.com,2024-01-22
367,Donald Lewis,walshkyle@example.net,2024-10-02
368,Antonio Carney,nstafford@example.org,2025-07-04
369,Colleen Hall,heidi01@example.com,2025-09-02
370,Ashley Benton,hmarshall@example.net,2024-11-12
371,Howard Herring,ernesthernandez@example.org,2024-05-23
372,Alexander Delgado,lisa85@example.net,2024-06-04
373,Beth Allen,josephjenkins@example.net,2024-07-18
374,Jeanette Welch,reyesjames@example.net,2023-11-13
375,Jessica White,fhenry@example.net,2025-08-03
376,Christy Porter,kellysmith@example.org,2025-07-09
377,Michael Tucker,thompsoncrystal@example.net,2024-04-05
378,Hannah Padilla,chris24@example.com,2024-05-23
379,Sherri Krause,eraymond@example.net,2024-10-23
380,Julie Sullivan,chavezchristina@example.net,2023-11-30
381,Nancy Johnson,angelalowe@example.com,2025-07-08
382,Dylan Cox,changrobert@example.org,2025-07-31
383,Melissa Baker,kelly65@example.net,2024-09-02
384,Joshua Allison,jacobgregory@example.com,2024-05-21
385,Nathan Lopez,weavergabriela@example.com,2025-06-28
386,Emily Miller,frank60@example.net,2024-10-30
387,Kaitlyn Kim,rkeller@example.org,2025-06-26
388,Kayla Ramos,frostbruce@example.net,2024-01-10
389,Eileen Howell,carrie35@example.com,2024-01-10
390,Amber Wilson,michaelbrooks@example.org,2024-04-04
391,Colleen Cooper,david69@example.com,2024-05-29
392,Michael Davis,smithpenny@example.com,2025-06-03
393,Rachael Taylor,johnking@example.com,2025-07-15
394,Leonard Smith,ajoseph@example.org,2024-10-30
395,Holly Stephens,ulewis@example.net,2025-06-13
396,Krystal Reynolds,serranotyler@example.com,2025-03-20
397,Kimberly Roth,richardsanford@example.org,2024-07-05
398,Kathy Barber,smoran@example.org,2025-07-12
399,Arthur Hoffman,olivia10@example.org,2025-03-25
400,Alexis Davis,joshuawhite@example.org,2025-04-12
401,Arthur Burch,kimberlymorrow@example.com,2025-04-17
402,Zachary Jones,mortonhenry@example.org,2024-05-06
403,Matthew Acosta,lauramoreno@example.com,2025-01-09
404,Heather Hamilton,perezroger@example.net,2024-08-09
405,Patrick Miles DDS,laura94@example.net,2025-09-22
406,David Juarez,pughthomas@example.net,2025-09-03
407,Jennifer Martinez,lopezmorgan@example.org,2024-02-22
408,Brooke Walker,james95@example.org,2023-11-23
409,Sarah Woodward,karenshaffer@example.net,2024-10-05
410,Rebecca Ryan,zhenry@example.org,2025-07-18
411,Nathaniel Eaton,amy81@example.org,2023-12-01
412,Leon Patterson,gsmith@example.net,2025-07-09
413,Jeffrey Johnston,gibsonjill@example.net,2024-06-26
414,Stephen Chen,robertjones@example.net,2023-12-30
415,Matthew Rodriguez,marciasilva@example.com,2025-07-12
416,Dustin Jones,gilesshannon@example.net,2024-02-06
417,Teresa Perkins,ymiller@example.net,2023-12-28
418,Rachael Hughes,bakeranthony@example.com,2025-06-30
419,Brittany Williams,xtaylor@example.org,2024-10-15
420,Ryan Williams,rdeleon@example.com,2025-05-22
421,Andrea Hines,debragarza@example.com,2025-05-12
422,Stephen Dyer DDS,cooperernest@example.net,2024-11-27
423,Kelly Ramsey,whitemonica@example.net,2025-02-24
424,Rachel Huffman,kimberly11@example.org,2023-10-09
425,Philip Gill,katherine96@example.org,2024-12-15
426,Alexander Vaughn,hfischer@example.net,2024-01-17
427,Stephanie Hinton,bparker@example.net,2025-06-12
428,Christopher Garrison,douglas53@example.com,2024-09-14
429,Ashley King,robert03@example.net,2024-08-07
430,Summer Schmidt,steven63@example.org,2025-07-02
431,Kaitlin Johnson,barkerdonna@example.org,2025-02-22
432,John Garcia,osimon@example.net,2023-11-09
433,Todd Hernandez,matthew32@example.com,2023-10-25
434,Ricky Parker,lgalloway@example.net,2025-01-29
435,Jessica Cochran,owensrichard@example.net,2024-10-08
436,Michael Ruiz,hawkinsstephen@example.net,2023-12-26
437,Cynthia Baker,dvasquez@example.com,2025-09-11
438,Alan Newton,clintonhunter@example.net,2024-07-03
439,Raymond Wilson,robinsonerin@example.org,2025-06-10
440,Jonathan Mckinney,mackenziehopkins@example.com,2024-08-11
441,Kevin Webster,dalexander@example.net,2023-11-12
442,Michael Mays,gravescameron@example.com,2024-03-28
443,Steven Potter,melissa20@example.com,2024-03-19
444,Kenneth Gonzalez,lauriemalone@example.net,2025-09-06
445,Kendra Davis,asmith@example.com,2024-10-03
446,Rita Clay,wrobbins@example.net,2023-11-25
447,Jacob Anderson,xwright@example.net,2024-09-14
448,Michael Lane,raven65@example.org,2025-06-23
449,Natalie Whitaker,efrey@example.net,2025-09-16
450,Mark Lynn,pwaters@example.net,2024-12-06
451,Richard Baker,qbrown@example.org,2024-07-23
452,Christopher Clark,julia18@example.net,2024-12-12
453,Mary Brown,paul33@example.com,2024-01-03
454,Jacqueline Pittman,taylor39@example.com,2025-06-27
455,Mary Hill,brownjames@example.org,2024-01-18
456,David Wright,charlesnguyen@example.org,2025-07-28
457,Matthew Harrington,jon18@example.net,2025-08-05
458,Tiffany Taylor,holmescody@example.net,2024-03-09
459,Haley Miller,anthonyvanessa@example.com,2025-07-15
460,Nicholas Barker,pamelasantana@example.net,2024-07-09
461,Ashley Murphy,phillipsmichael@example.com,2025-06-27
462,Matthew Fowler,dhenry@example.org,2024-11-01
463,Philip Howell,david30@example.net,2025-02-14
464,Eric Reyes,alexander89@example.com,2025-04-12
465,Alexander Goodman,danielsmith@example.net,2024-01-15
466,Alexandra Parker,hamptonapril@example.net,2024-02-24
467,Michelle James,nmitchell@example.org,2025-09-16
468,Kevin Robbins,leah07@example.org,2023-10-10
469,Crystal Moore,kaitlinbaird@example.com,2025-02-17
470,Melissa Farmer,lfowler@example.org,2024-11-20
471,Matthew Moore,jameshurley@example.com,2024-04-25
472,Ashley Howard,robert57@example.net,2025-08-24
473,Leah Frazier,karen35@example.org,2024-11-15
474,Taylor Moore,zoebest@example.com,2024-11-23
475,Rhonda Anderson,zachary84@example.org,2023-10-14
476,Nicholas Santos,bryantwilliam@example.net,2025-03-07
477,Madeline Vega,mirandatracy@example.com,2023-10-28
478,Mr. George Boyd,amy49@example.com,2025-09-12
479,Jennifer Daniels,rebeccalee@example.net,2023-12-30
480,Andrea Lewis,anorris@example.net,2024-10-11
481,Joseph Mclaughlin,chelseypratt@example.com,2024-05-19
482,Diana Stanley,dstone@example.com,2025-02-15
483,Stephanie Anderson,ecarr@example.org,2023-12-26
484,Ryan Howard,seanallen@example.org,2025-03-13
485,Alice Hunter,codymartinez@example.org,2025-09-07
486,David Kelly,lbenton@example.org,2025-06-23
487,Stephanie Jones,ronald95@example.com,2025-07-11
488,Shane Winters,crodgers@example.com,2025-06-07
489,Christopher Palmer,james53@example.org,2025-04-21
490,Yvonne Vasquez,zwilliams@example.com,2025-09-09
491,Marcus Estes,wgonzalez@example.com,2025-08-04
492,John Hurley,michael04@example.org,2025-04-29
493,Wendy Hobbs,cmiller@example.net,2024-02-27
494,Tanya Hobbs,hoffmanlogan@example.com,2024-11-13
495,Audrey Hunt,scottmcdowell@example.net,2024-05-20
496,Amanda Howard,kristyhoward@example.org,2024-07-13
497,Stephanie Martinez,zskinner@example.com,2025-06-29
498,Donald Ward,whitakerjon@example.org,2025-02-14
499,Richard Ward,kristina39@example.com,2025-05-06
500,Jennifer Smith,pamelawilliams@example.org,2023-10-13
